player_name,position,year,school_transferred_from,school_transferred_to,transfer_rating_247,transfer_rating_on3,hs_rating_247,hs_stars_247,hs_rating_rivals,hs_stars_rivals,hs_graduation_year
Clayton Bush,S,2023,Southern Illinois,Illinois,,84,82,,,,2019
Demetrius Hill,S,2023,FIU,Illinois,,85,85,,,,2021
Denzel Daxon,DL,2023,Ohio,Illinois,,84,,,,,2018
Fabrizio Pinton,K,2022,Air Force,Illinois,,79.3,75,,,,2019
John Paddock,QB,2023,Ball State,Illinois,,85,,,,,2018
Luke Altmyer,QB,2023,Ole Miss,Illinois,0.91,87,90,,,,2021
Nicario Harper,S,2023,Louisville,Illinois,,86,,,,,2018
Tanner Arkin,TE,2023,Colorado State,Illinois,0.86,85,82,,,,2021
TeRah Edwards,DL,2022,Northwestern,Illinois,0.87,84.73,87,3-star,,3-star,2020
Tommy DeVito,QB,2022,Syracuse,Illinois,0.9,84.67,90,4-star,,4-star,2017
Andre Carter,DL,2023,Western Michigan,Indiana,0.93,82.2,83,,,,2018
Christian Turner,RB,2023,Wake Forest,Indiana,0.88,87,87,,,,2019
Connor Bazelak,QB,2022,Missouri,Indiana,0.9,89.06,86,3-star,,3-star,2019
DeQuece Carter,WR,2023,Fordham,Indiana,0.9,89.57,78,,,,2019
Emery Simmons,WR,2022,North Carolina,Indiana,0.88,87.53,90,4-star,,4-star,2019
Jacob Mangum-Farrar,LB,2023,Stanford,Indiana,0.89,,86,,,,2018
Jamier Johnson,CB,2023,Texas,Indiana,,,,,,,2021
Jamison Kelly,S,2023,Jones College,Indiana,,,,,,,2020
Jonathan Haynes,S,2022,Ole Miss,Indiana,0.81,90.28,,,,,2017
Josh Henderson,RB,2022,North Carolina,Indiana,0.85,,87.89,3-star,,3-star,2019
LeDarrius Cox,DL,2022,Ole Miss,Indiana,,87.73,,,,,2019
Marcus Burris Jr.,DL,2023,Texas A&M,Indiana,,89.09,92,,,,2021
Max Longman,IOL,2023,UMass,Indiana,,,79,,,,2019
Nicolas Toomer,DB,2023,Stanford,Indiana,0.87,,86,,,,2019
Phillip Blidi,DL,2023,Texas Tech,Indiana,,86,87,,,,2020
Shaun Shivers,RB,2022,Auburn,Indiana,0.9,,88,4-star,,4-star,2018
Tayven Jackson,QB,2023,Tennessee,Indiana,0.9,91.52,91,,,,2022
Tyrik McDaniel,S,2023,Independence CC,Indiana,,,,,,,2019
Cade McNamara,QB,2023,Michigan,Iowa,0.88,90.44,90,4-star,,4-star,2019
Daijon Parker,OT,2023,Saginaw Valley State,Iowa,0.87,,,,,,2018
Deacon Hill,QB,2023,Wisconsin,Iowa,0.85,88.97,,3-star,,4-star,2021
Erick All,TE,2023,Michigan,Iowa,0.92,89.37,90,4-star,5.8,4-star,2019
Kaleb Brown,WR,2023,Ohio State,Iowa,0.92,94.25,95,,5.9,4-star,2022
Nick Jackson,LB,2023,Virginia,Iowa,0.9,88.07,88,3-star,5.7,3-star,2019
Reggie Bracy,DB,2023,Troy,Iowa,,85.3,,,,,2019
Rusty Feth,IOL,2023,Miami (OH),Iowa,0.87,75.05,73,,,,2019
Seth Anderson,WR,2023,Charleston Southern,Iowa,,,,,,,2021
Steven Stilianos,TE,2022,Lafayette,Iowa,0.87,,,,,,2018
Billy Edwards Jr.,QB,2022,Wake Forest,Maryland,0.82,81.17,82,3,,3,2021
Chad Ryland,K,2022,Eastern Michigan,Maryland,,,,,,,
Chantz Harley,ATH,2022,Villanova,Maryland,,,,,,,
Henry Chibueze,DL,2022,Liberty,Maryland,0.8,80,80,3,,3,2018
Jacob Copeland,WR,2022,Florida,Maryland,0.9,94.86,95,4,6,4,2018
Quashon Fuller,EDGE,2022,Florida State,Maryland,0.92,91.85,92,4,5.8,4,2019
VanDarius Cowan,LB,2022,West Virginia,Maryland,0.95,94.67,95,4,6,4,2017
Cam Goode,DL,2022,UCF,Michigan,0.86,,86,3,,3,2018
Eyabi Okie-Anoma,EDGE,2022,UT Martin,Michigan,0.89,,,5,,5,2018
Olusegun 'Olu' Oluwatimi,IOL,2022,Virginia,Michigan,0.94,,,,,,
Aaron Brule,LB,2022,Mississippi State,Michigan State,0.89,88.07,87,3,,4,2018
Ameer Speed,CB,2022,Georgia,Michigan State,0.87,89,88,3,,3,2017
Brian Greene,IOL,2022,Washington State,Michigan State,,,,,,,2017
Daniel Barker,TE,2022,Illinois,Michigan State,,,,3,,3,2018
Jalen Berger,RB,2022,Wisconsin,Michigan State,0.85,,91,4,,4,2020
Jarek Broussard,RB,2022,Colorado,Michigan State,0.89,88.48,84,3,5.5,3,2018
Khris Bogle,EDGE,2022,Florida,Michigan State,0.9,,96,4,,4,2019
Beanie Bishop,CB,2022,Western Kentucky,Minnesota,0.88,,70,2-star,,,2018
Chuck Filiaga,IOL,2022,Michigan,Minnesota,0.88,,95,4-star,,4-star,2017
Darnell Jefferies,DL,2022,Clemson,Minnesota,0.88,,88,3-star,,3-star,2018
Jacob Lewis,K,2022,Ball State,Minnesota,,,,,,,2019
Kyler Baugh,DL,2022,Houston Christian,Minnesota,,,,,,,2019
Lorenza Surgers,DL,2022,Vanderbilt,Minnesota,0.81,,84,3-star,,,2018
Quinn Carroll,OT,2022,Notre Dame,Minnesota,0.88,,97,4-star,6,4-star,2019
Ryan Stapp,CB,2022,Abilene Christian,Minnesota,0.88,,76,3-star,,,2019
Brian Buschini,P,2022,Montana,Nebraska,,,,,,,
Casey Thompson,QB,2022,Texas,Nebraska,0.89,90.01,88,3-star,,,2018
Chubba Purdy,QB,2022,Florida State,Nebraska,0.91,91.53,91,4-star,,,2020
Devin Drew,DL,2022,Texas Tech,Nebraska,0.83,82.65,,,,,
Hunter Anthony,OT,2022,Oklahoma State,Nebraska,0.85,,,,,,
Isaiah Garcia-Castaneda,WR,2022,New Mexico State,Nebraska,0.87,,,,,,
Kaine Williams,S,2022,Alabama,Nebraska,0.89,,,,,,
Kevin Williams,IOL,2022,Northern Colorado,Nebraska,,,,,,,
Marcus Washington,WR,2022,Texas,Nebraska,0.9,92.6,90,4-star,,,2019
Ochaun Mathis,EDGE,2022,TCU,Nebraska,0.94,85.9,86,3-star,,,2018
Omar Brown,CB,2022,Northern Iowa,Nebraska,0.89,,84,,,,2019
Stephon Wynn,DL,2022,Alabama,Nebraska,0.95,94.46,95,4-star,,,2018
Timmy Bleekrode,K,2022,Furman,Nebraska,,,,,,,
Tommi Hill,CB,2022,Arizona State,Nebraska,0.9,,,,,,
Trey Palmer,WR,2022,LSU,Nebraska,0.89,94.46,,,6.1,4-star,2019
Donny Navarro,WR,2022,Illinois,Northwestern,,,,,,,
Jaylen Pate,EDGE,2022,Wyoming,Northwestern,0.8,,,,,,
Luke Akers,P,2022,UCLA,Northwestern,0.84,81.8,80,,,3-star,2020
Ryan Johnson,DL,2022,Stanford,Northwestern,0.82,,,,,,
Taishan Holmes,DL,2022,UMass,Northwestern,0.82,,,,,,
Wendell Davis,LB,2022,Pitt,Northwestern,0.8,,,,,,
Chip Trayanum,RB/LB,2022,Arizona State,Ohio State,0.88,90.21,90,4-star,,4-star,2020
Parker Lewis,K,2022,USC,Ohio State,,,82,3-star,,,2020
Tanner McCalister,S,2022,Oklahoma State,Ohio State,0.94,87.17,87,3-star,,3-star,2018
Bo Nix,QB,2022,Auburn,Oregon,0.93,96.61,96,4-star,6.1,5-star,2019
Bucky Irving,RB,2022,Minnesota,Oregon,0.9,92.6,,4-star,,4-star,2021
Chase Cota,WR,2022,UCLA,Oregon,0.89,90.12,94,4-star,5.9,4-star,2018
Christian Gonzalez,CB,2022,Colorado,Oregon,0.94,91.86,90,4-star,5.8,4-star,2020
Jordan Riley,DL,2022,Nebraska,Oregon,0.82,85.25,88,3-star,,,2017
Noah Whittington,RB,2022,Western Kentucky,Oregon,0.88,89.15,78,3-star,,,2020
Sam Taimani,DL,2022,Washington,Oregon,0.87,92.65,91,4-star,,4-star,2018
Chop Robinson,EDGE,2022,Maryland,Penn State,,91.93,98,5-star,5.8,4-star,2021
Hunter Nourzad,IOL,2022,Cornell,Penn State,0.89,89,,,,,2017
Mitchell Tinsley,WR,2022,Western Kentucky,Penn State,0.89,96.01,,,,,2018
Charlie Jones,WR,2022,Iowa,Purdue,0.77,76.32,77,2-star,,,2017
Cole Brevard,DL,2022,Penn State,Purdue,0.88,90.92,88,4-star,,,2020
Elijah Canion,WR,2022,Auburn,Purdue,0.87,88.03,87,3-star,,,2020
Kobe Lewis,RB,2022,Central Michigan,Purdue,0.78,76.82,80,3-star,,,2017
Reese Taylor,CB,2022,Indiana,Purdue,0.89,86.6,89,4-star,,,2018
Sione Finau,IOL,2022,FIU,Purdue,0.84,81.27,84,3-star,,,2019
Tee Denson,CB,2022,Kansas State,Purdue,0.87,85.75,87,3-star,,,2020
Tyrone Tracy Jr.,WR,2022,Iowa,Purdue,0.87,86.83,87,3-star,,,2018
Curtis Dunlap,IOL,2022,Minnesota,Rutgers,0.86,90.98,90,4-star,,,2018
J.D. DiRenzo,OT,2022,Sacred Heart,Rutgers,0.9,90.24,,,,,2017
Jahzion Harris,EDGE,2022,Texas A&M,Rutgers,0.87,91.62,89,4-star,,,2020
Mike Ciaffoni,IOL,2022,Colorado State,Rutgers,0.8,,80,3-star,,,2019
Sean Ryan,WR,2022,West Virginia,Rutgers,0.85,84.07,85,3-star,,,2018
Taj Harris,WR,2022,Syracuse,Rutgers,0.9,93.55,85,3-star,,,2018
Willie Tyler,OT,2022,ULM,Rutgers,0.87,84.1,84,3-star (JUCO),,,2019
Azizi Hearn,CB,2022,Wyoming,UCLA,,92.72,,,,,2017
Darius Muasau,LB,2022,Hawaii,UCLA,,89,80,3-star,,,2019
Gabriel Murphy,EDGE,2022,North Texas,UCLA,,91.9,,,,,2019
Grayson Murphy,EDGE,2022,North Texas,UCLA,,92.71,,,,,2019
Jake Bobo,WR,2022,Duke,UCLA,,88.4,86,3-star,,,2018
Laiatu Latu,EDGE,2022,Washington,UCLA,,93.63,95,4-star,,,2019
Austin Jones,RB,2022,Stanford,USC,,93.55,93,4-star,,4-star,2019
Bobby Haskins,OT,2022,Virginia,USC,,82.83,84,3-star,,3-star,2018
Brenden Rice,WR,2022,Colorado,USC,,88.82,89,4-star,5.8,4-star,2019
Bryson Shaw,S,2022,Ohio State,USC,0.89,87.47,,3-star,,3-star,2019
Caleb Williams,QB,2022,Oklahoma,USC,,98.76,99,5-star,6.1,5-star,2021
Eric Gentry,LB,2022,Arizona State,USC,0.93,87.22,89,3-star,,3-star,2021
Jordan Addison,WR,2022,Pittsburgh,USC,,91.15,94,4-star,,4-star,2019
Latrell McCutchin,DB,2022,Oklahoma,USC,0.9,88.09,,4-star,,4-star,2021
Mario Williams,WR,2022,Oklahoma,USC,,96.7,94,5-star,,5-star,2021
Mekhi Blackmon,CB,2022,Colorado,USC,,,81,3-star,,3-star,2018
Romello Height,EDGE,2022,Auburn,USC,0.89,89.67,,4-star,,4-star,2019
Shane Lee,LB,2022,Alabama,USC,0.88,94.87,93,4-star,,4-star,2019
Terrell Bynum,WR,2022,Washington,USC,,85.9,87,4-star,,4-star,2018
Travis Dye,RB,2022,Oregon,USC,,83.83,,3-star,,3-star,2018
Aaron Dumas,RB,2022,New Mexico,Washington,0.9,81.99,,3-star,,3-star,2021
Cam Bright,LB,2022,Pittsburgh,Washington,,,,3-star,,3-star,2017
Jordan Perryman,CB,2022,UC Davis,Washington,0.87,,,2-star,,2-star,2018
Kevin Ryan,K,2022,Idaho State,Washington,0.83,,,2-star,,2-star,
Kristopher Moll,LB,2022,UAB,Washington,,,,3-star,,3-star,
Michael Penix Jr.,QB,2022,Indiana,Washington,0.87,87.4,85,3-star,,3-star,2018
Wayne Taulapapa,RB,2022,Virginia,Washington,0.85,79.48,,3-star,,3-star,
Will Nixon,RB/WR,2022,Nebraska,Washington,0.85,85.93,,3-star,,3-star,2020
Cedrick Dort Jr.,CB,2022,Kentucky,Wisconsin,0.84,80.78,,3-star,,3-star,2017
Jay Shaw,CB,2022,UCLA,Wisconsin,0.92,85.47,82,4-star,,4-star,2018
Justin Clark,CB,2022,Toledo,Wisconsin,0.84,78.47,,2-star,,2-star,2016
Kamo'i Latu,S,2022,Utah,Wisconsin,0.89,83.17,85,3-star,5.5,3-star,2019
Keontez Lewis,WR,2022,UCLA,Wisconsin,0.89,88.95,,3-star,,3-star,2020
Vito Calvaruso,K,2022,Arkansas,Wisconsin,,,,2-star,,2-star,2019
Josh Wallace,CB,2023,UMass,Michigan,0.88,89.66,84,3-star,5.2,2-star,2019
James Turner,K,2023,Louisville,Michigan,0.83,80,,,,,2019
Josaiah Stewart,EDGE,2023,Coastal Carolina,Michigan,0.91,92.56,88,3-star,5.5,3-star,2021
LaDarius Henderson,IOL,2023,Arizona State,Michigan,0.93,,87,3-star,,,2019
AJ Barner,TE,2023,Indiana,Michigan,0.91,87,87,3-star,,,2020
Myles Hinton,OT,2023,Stanford,Michigan,0.9,90.45,92,4-star,6.1,5-star,2020
Drake Nugent,IOL,2023,Stanford,Michigan,0.9,93.52,,3-star,5.6,3-star,2019
Ernest Hausmann,LB,2023,Nebraska,Michigan,0.96,93.68,88,3-star,,,2022
Jack Tuttle,QB,2023,Indiana,Michigan,0.84,85,95,4-star,5.9,4-star,2018
Michael Purcell,K,2023,Towson,Maryland,0.8,,,,,,2019
Jordan Phillips,DL,2023,Tennessee,Maryland,0.87,85,89,4-star,5.6,3-star,2022
Donnell Brown,EDGE,2023,Saint Francis (PA),Maryland,0.86,,,,,,2019
Marcus Dumervil,OT,2023,LSU,Maryland,0.86,84.67,,4-star,,4-star,2020
Ja'Quan Sheppard,CB,2023,Cincinnati,Maryland,0.9,,82,3-star,5.5,,2019
Kaden Prather,WR,2023,West Virginia,Maryland,0.91,90.57,90,4-star,5.8,4-star,2021
Tyrese Chambers,WR,2023,FIU,Maryland,0.89,91.36,,2-star,,,2018
Gottlieb Ayedze,OT,2023,Frostburg State,Maryland,0.88,89.34,,,,,2019
Corey Bullock,IOL,2023,NC Central,Maryland,0.87,87,,,,,2019
Tank Booker,DL,2023,Cincinnati,Maryland,0.86,85.29,87,,,,2019
Nathan Carter,RB,2023,UConn,Michigan State,0.9051,90.51,77,3-star,,,2020
Jaren Mangham,RB,2023,USF,Michigan State,0.87,88.5,87,4-star,5.8,4-star,2019
Alante Brown,WR,2023,Nebraska,Michigan State,0.83,86.37,91,4-star,5.7,3-star,2019
Semar Melvin,CB,2023,Wisconsin,Michigan State,0.85,85,84,3-star,5.8,4-star,2019
Ken Talley,EDGE,2023,Penn State,Michigan State,0.86,84.67,90,4-star,,4-star,2022
Jalen Sami,DL,2023,Colorado,Michigan State,0.86,86,79,3-star,,,2017
Jack Stone,K,2023,Baylor,Michigan State,0.8,79.5,78,,,,2022
Michael O'Shaughnessy,P,2023,Ohio State,Michigan State,0.8,77.82,,,,,2019
Ademola Faleye,TE,2023,Norfolk State,Michigan State,0.84,82.01,,3-star,,,2020
Jaylan Franklin,TE,2023,Wisconsin,Michigan State,0.85,85,87,3-star,,,2018
Craig McDonald,S,2023,Auburn,Minnesota,0.87,85.3,86,3-star,,,2019
Rowan Zolman,S,2023,Miami (OH),Minnesota,0.85,81.4,82,3-star,,,2021
Tyler Bride,CB,2023,Georgia Southern,Minnesota,0.85,81.42,83,2-star,,,2018
Jack Henderson,S,2023,Southeastern Louisiana,Minnesota,0.89,,82,3-star,,,2019
David Kemp,K,2023,Memphis,Minnesota,0.78,,,2-star,,,2021
Chris Collins,EDGE,2023,North Carolina,Minnesota,0.87,,,3-star,,,2019
Elijah Spencer,WR,2023,Charlotte,Minnesota,0.9,,82,3-star,,,2021
Tre'Von Jones,CB,2023,Elon,Minnesota,0.87,86,,2-star,,,2019
Sean Tyler,RB,2023,Western Michigan,Minnesota,0.89,81.93,77,2-star,,,2018
Corey Crooms,WR,2023,Western Michigan,Minnesota,0.88,,82,3-star,,,2019
Ryan Selig,LB,2023,Western Michigan,Minnesota,0.88,83.53,70,3-star,,,2019
Tyler Knaak,OT,2023,Utah,Nebraska,0.84,,,3-star,,,2022
MJ Sherman,EDGE,2023,Georgia,Nebraska,0.9,,95,4-star,5.9,4-star,2020
Jacob Hood,OT,2023,Georgia,Nebraska,0.88,,,4-star,,,2022
Billy Kemp,WR,2023,Virginia,Nebraska,0.89,,,3-star,,,2018
Arik Gilbert,TE,2023,Georgia,Nebraska,0.91,,99,5-star,6.1,5-star,2020
Corey Collier,CB,2023,Florida,Nebraska,0.89,,90,4-star,5.9,4-star,2021
Ben Scott,OT,2023,Arizona State,Nebraska,0.88,,,3-star,,,2019
Chief Borders,LB,2023,Florida,Nebraska,0.85,,,4-star,5.8,4-star,2020
Elijah Jeudy,DL,2023,Texas A&M,Nebraska,0.88,,,4-star,5.8,4-star,2020
Jeff Sims,QB,2023,Georgia Tech,Nebraska,0.9,,88,4-star,5.8,4-star,2020
Marco Ortiz,LS,2023,Florida,Nebraska,,,,2-star,,,2018
Josh Fleeks,WR,2023,Baylor,Nebraska,0.85,,,4-star,,,2018
A.J. Henning,WR,2023,Michigan,Northwestern,0.87,,94,4-star,5.9,4-star,2020
Ben Bryant,QB,2023,Cincinnati,Northwestern,0.88,,85,2-star,,3,2018
Matt Lawson,DL,2023,Fresno State,Northwestern,0.83,,83,3,,2,2019
Richie Hagarty,EDGE,2023,Southern Illinois,Northwestern,0.81,,81,3,5.4,2,2019
Cam Johnson,WR,2023,Arizona State,Northwestern,0.86,,91,3-star,,4,2018
Davison Igbinosun,CB,2023,Ole Miss,Ohio State,0.94,,94,4-star,5.8,4-star,2022
Ja'Had Carter,S,2023,Syracuse,Ohio State,0.93,91,86,3-star,5.4,3-star,2019
Josh Simmons,OT,2023,San Diego State,Ohio State,0.91,87.25,89,3-star,,,2021
Tywone Malone Jr.,DL,2023,Ole Miss,Ohio State,0.89,,94,4-star,,,2021
Victor Cutler Jr.,OL,2023,Louisiana-Monroe,Ohio State,0.88,,76,2-star,,,2019
Tristan Gebbia,QB,2023,Oregon State,Ohio State,0.85,,88,4-star,,,2017
Lorenzo Styles Jr.,CB,2023,Notre Dame,Ohio State,0.9,,94,4-star,,,2021
Jordan Burch,EDGE,2023,South Carolina,Oregon,0.94,,,5-star,,5-star,2020
Ajani Cornelius,OT,2023,Rhode Island,Oregon,0.92,,,,,,
Evan Williams,S,2023,Fresno State,Oregon,0.91,,,,,,
Traeshon Holden,WR,2023,Alabama,Oregon,0.91,,,,,,2020
Gary Bryant Jr.,WR,2023,USC,Oregon,0.9,,,,,,2020
Jestin Jacobs,LB,2023,Iowa,Oregon,0.9,,,,,,
Khyree Jackson,CB,2023,Alabama,Oregon,0.89,,,,,,2017
Tysheem Johnson,S,2023,Ole Miss,Oregon,0.89,,,,,,2021
Tez Johnson,WR,2023,Troy,Oregon,0.88,,81,3-star,,,2020
Junior Angilau,IOL,2023,Texas,Oregon,0.9,,,,,,2019
Dante Cephas,WR,2023,Kent State,Penn State,0.88,,79,3-star,5.7,3-star,2019
Malik McClain,WR,2023,Florida State,Penn State,0.86,,,,,,2021
Trey Potts,RB,2023,Minnesota,Penn State,0.89,,84,3-star,,,2019
Storm Duck,CB,2023,North Carolina,Penn State,0.89,,84,3-star,,,2019
Alonzo Ford Jr.,DL,2023,Old Dominion,Penn State,0.87,,,,,,2020
Zeke Williams,ATH,2023,Northern Illinois,Purdue,0.83,,,,,,
Braxton Myers,S,2023,Ole Miss,Purdue,0.89,,94,4-star,,,2023
Markevious Brown,CB,2023,Ole Miss,Purdue,0.88,,88,3-star,,,2021
Preston Nichols,IOL,2023,UNLV,Purdue,0.87,,,,,,
Jahmal Edrine,WR,2023,Florida Atlantic,Purdue,0.88,,,,,,
Bennett Meredith,QB,2023,Arizona State,Purdue,0.86,,,,,,
Jeffrey M'ba,DL,2023,Auburn,Purdue,0.88,,,,,,
Luke Griffin,OT,2023,Missouri,Purdue,0.87,,,,,,2019
Marquis Wilson,CB,2023,Penn State,Purdue,0.9,,90,4-star,,4-star,2019
Anthony Brown,S,2023,Arkansas,Purdue,0.87,,,,,,2020
Ben Farrell,OT,2023,Indiana Wesleyan,Purdue,0.85,,,,,,
Jalen Grant,IOL,2023,Bowling Green,Purdue,0.86,,,,,,
Isaiah Nichols,DL,2023,Arkansas,Purdue,0.87,,,,,,2018
Malik Langham,DL,2023,Vanderbilt,Purdue,0.92,,92,4-star,,,2018
Hudson Card,QB,2023,Texas,Purdue,0.93,91.71,95,4-star,5.9,4-star,2020
Salim Turner-Muhammad,CB,2023,Stanford,Purdue,0.87,,,,,,
Shawn Bowman,TE,2023,Maine,Rutgers,0.89,,,,,,
JaQuae Jackson,WR,2023,PennWest California,Rutgers,0.89,,,,,,
Isaiah Iton,DL,2023,Ole Miss,Rutgers,0.86,,,3-star,,,
Naseim Brantley,WR,2023,Western Illinois,Rutgers,0.89,,,,,,
Michael Dixon,S,2023,Minnesota,Rutgers,0.87,,85,3-star,,,2019
Eric Rogers,CB,2023,Northern Illinois,Rutgers,0.89,,86,3-star,,,2021
Charles Amankwaa,CB,2023,Akron,Rutgers,0.85,,82,3-star,,,2019
Jake Wiley,IOL,2023,Colorado,UCLA,0.86,,,,,,2020
Keanu Williams,DL,2023,Oregon,UCLA,0.89,,,,,,2021
Kyle Ford,WR,2023,USC,UCLA,0.9,,98,5-star,6,5-star,2019
Khadere Kounta,OT,2023,Old Dominion,UCLA,0.88,,,,,,2019
J. Michael Sturdivant,WR,2023,California,UCLA,0.93,93.47,92,4-star,5.8,4-star,2021
Jordan Anderson,S,2023,Bowling Green,UCLA,0.9,,,,,,2019
Blake Glessner,K,2023,Montana State,UCLA,0.8,,,,,,
Moliki Matavao,TE,2023,Oregon,UCLA,0.89,,93,4-star,,4-star,2021
Collin Schlee,QB,2023,Kent State,UCLA,0.91,,85,3-star,,,2019
Oluwafemi Oladejo,LB,2023,California,UCLA,0.89,,,,,,2021
Spencer Holstege,IOL,2023,Purdue,UCLA,0.88,,,,,,2019
Carson Steele,RB,2023,Ball State,UCLA,0.92,,75,3-star,,,2021
Anthony Adkins,RB,2023,Army,UCLA,0.89,,,,,,2019
Jake Heimlicher,EDGE,2023,Penn,UCLA,0.89,,,,,,2018
Dorian Singer,WR,2023,Arizona,USC,0.9,95,84,,,,2021
Mason Cobb,LB,2023,Oklahoma State,USC,0.91,90,83,,,,2020
MarShawn Lloyd,RB,2023,South Carolina,USC,0.92,91.79,,,,,
Anthony Lucas,DL,2023,Texas A&M,USC,0.92,95.29,98,,6,4-star,2022
Christian Roland-Wallace,CB,2023,Arizona,USC,0.92,93.07,86,,5.6,3-star,2019
Kyon Barrs,DL,2023,Arizona,USC,0.89,87,82,,,,2019
Michael Tarquin,OT,2023,Florida,USC,0.89,,,,,,2019
Ethan White,IOL,2023,Florida,USC,0.88,,85,,,,2019
Jarrett Kingston,IOL,2023,Washington State,USC,,91,80,,,,2018
Jamil Muhammad,Edge,2023,Georgia State,USC,0.89,89.39,84,,,,2019
Eddie Czaplicki,P,2023,Arizona State,USC,0.8,,78,,,,2021
Bear Alexander,DL,2023,Georgia,USC,0.92,96.33,94,,,5-star,2022
Jalen Klemm,OT,2023,Kansas State,Washington,0.88,86.1,,,,,2022
Darren Barkins,CB,2023,Oregon,Washington,,,88,,,,2021
Jabbar Muhammad,CB,2023,Oklahoma State,Washington,0.94,90.54,86,,5.5,3-star,
Germie Bernard,WR,2023,Michigan State,Washington,0.9,91.81,91,,5.8,4-star,
Dillon Johnson,RB,2023,Mississippi State,Washington,0.91,88.7,89,,,,
Josh Cuevas,TE,2023,Cal Poly,Washington,0.9,89.13,,,,,2021
William Haskell,QB,2023,San Diego State,Washington,,,86,,,,2021
Ralen Goforth,LB,2023,USC,Washington,0.88,88.43,89,,5.8,4-star,2019
Daniyel Ngata,RB,2023,Arizona State,Washington,0.88,88,93,,,,
Zach Durfee,Edge,2023,Sioux Falls,Washington,0.85,,,,,,
Tanner Mordecai,QB,2023,SMU,Wisconsin,0.91,92.68,90,,,,2018
Braedyn Locke,QB,2023,Mississippi State,Wisconsin,0.85,89,88,,5.6,3-star,2022
Nick Evers,QB,2023,Oklahoma,Wisconsin,0.89,90.6,94,,5.8,4-star,2022
Bryson Green,WR,2023,Oklahoma State,Wisconsin,0.88,87,85,,,,2021
C.J. Williams,WR,2023,USC,Wisconsin,0.86,89,94,,,,2022
Will Pauling,WR,2023,Cincinnati,Wisconsin,0.86,87,86,,5.5,3-star,2021
Quincy Burroughs,WR,2023,Cincinnati,Wisconsin,0.82,,,,,,2022
Joe Huber,OT,2023,Cincinnati,Wisconsin,0.88,,,,,,2019
Jake Renfro,IOL,2023,Cincinnati,Wisconsin,0.88,,80,,,,2020
Darian Varner,DL,2023,Temple,Wisconsin,0.87,,87,,,,2020
Jeff Pietrowski,Edge,2023,Michigan State,Wisconsin,0.87,,,,,,
Jason Maitre,DB,2023,Boston College,Wisconsin,0.87,,,,,,
Nyzier Fourqurean,CB,2023,Grand Valley State,Wisconsin,0.87,,,,,,
Nathanial Vakos,K,2023,Ohio,Wisconsin,,,,,,,
Terrance Brooks,CB,2024,Texas,Illinois,0.91,91.53,95,4-star,,4-star,
Zakhari Franklin,WR,2024,Ole Miss,Illinois,0.86,91.43,78,2-star,,2-star,
Ethan Moczulski,K,2024,Texas A&M,Illinois,0.8,,80,3-star,,,
Carson Goda,TE,2024,Saint Anselm,Illinois,0.84,83,,,,,
Torrie Cox Jr.,CB,2024,Ohio,Illinois,0.85,88,,,,,
D’Angelo Ponds,CB,2024,James Madison,Indiana,0.87,94,84,3-star,5.4,,
Andrew Depaepe,Edge,2024,Michigan State,Indiana,0.89,89,94,4-star,,4-star,
Solomon Vanhorse,RB,2024,James Madison,Indiana,0.83,,,,,,
Tyrique Tucker,DL,2024,James Madison,Indiana,0.86,,,,,,
DJ Warnell Jr.,S,2024,Arizona,Indiana,0.85,85,,,,,
CJ West,DL,2024,Kent State,Indiana,0.89,89,,,,3-star,
Nahji Logan,LB,2024,UMass,Indiana,0.84,86,,,,,
Cedarius Doss,CB,2024,Austin Peay,Indiana,0.85,88,,,,,
Shawn Asbury II,S,2024,Old Dominion,Indiana,0.88,89,,,,,
Jayden McDonald,LB,2024,Troy,Indiana,0.85,85.93,,,,,
Elijah Sarratt,WR,2024,James Madison,Indiana,0.9,90,,,5.4,,
Tyler Stephens,IOL,2024,James Madison,Indiana,0.87,,,,,,
Trey Wedig,OT,2024,Wisconsin,Indiana,0.86,,,,,4-star,
Kaelon Black,RB,2024,James Madison,Indiana,0.88,,,,,,
Nick Kidwell,IOL,2024,James Madison,Indiana,0.87,,,,,,
Ty Son Lawton,RB,2024,James Madison,Indiana,0.85,,,,,,
James Carpenter,DL,2024,James Madison,Indiana,0.88,90,,,,,
Kurtis Rourke,QB,2024,Ohio,Indiana,0.9,89,,,,2-star,
Jailin Walker,LB,2024,James Madison,Indiana,0.87,87,,,,,
Aiden Fisher,LB,2024,James Madison,Indiana,0.86,88,,,,,
Mikail Kamara,DL,2024,James Madison,Indiana,0.85,,,,,,
Zach Horton,TE,2024,James Madison,Indiana,0.85,,,,,,
Myles Price,WR,2024,Texas Tech,Indiana,0.87,87,87,3-star,5.6,3-star,
Miles Cross,WR,2024,Ohio,Indiana,0.88,87,,,,,
Ke'Shawn Williams,WR,2024,Wake Forest,Indiana,0.86,,,,,,
Terry Jones Jr.,S,2024,Old Dominion,Indiana,0.86,87,,,,,
Jacob Gill,WR,2024,Northwestern,Iowa,0.84,81.85,85,,,,
Brendan Sullivan,QB,2024,Northwestern,Iowa,0.85,84.83,,,,,
Cade Borud,IOL,2024,North Dakota,Iowa,0.87,87,,,,,
Jackson Stratton,QB,2024,Colorado State,Iowa,,84,,,,,
Isaiah Wright,IOL,2024,Buffalo,Maryland,0.86,85.75,85,,5.5,,2020
Bryce McFerson,P,2024,Notre Dame,Maryland,0.81,77.82,81,,5.2,2-star,2022
Aliou Bah,OT,2024,Georgia,Maryland,0.88,88.47,88,3-star,5.8,4-star,2022
Jalen Huskey,CB,2024,Bowling Green,Maryland,0.89,89,82,,,,2022
MJ Morris,QB,2024,NC State,Maryland,0.87,86,88,4-star,,4-star,2022
Ryan Capriotti,K,2024,East Carolina,Maryland,,,,,,,
Josh Kaltenberger,IOL,2024,Purdue,Maryland,0.84,82.85,85,3-star,,3-star,2020
Alan Herron,OT,2024,Shorter,Maryland,0.87,87.37,,,,,